YCord,XCord,Competitor
0.4171264740610744,0.31674683267491427,Kate
-0.3070581586246538,-0.8953259573637795,Kate
0.32364682864677796,-0.26715998342212827,Kate
0.9551325327591573,-0.05706390413848555,Bob
0.26956688614737784,-0.39587378707312026,Mark
-0.06930890577202697,0.15862408784346435,Mark
-0.21745457140603064,0.33110148105677284,Kate
-0.6274028319026851,0.5863260158303842,Sue
-0.6883907798585212,0.11641824171333132,Kate
-0.5155541663610425,-0.5073769730666711,Kate
-0.2487286363643101,0.9564688203237646,Bob
0.3396569393387547,-0.3129821650205983,Kate
-0.4744856549987638,-0.7128742320478519,Sue
-0.023381795458461845,0.7675998098741377,Sue
-0.14491146309680464,0.2674509740756451,Mark
0.2203952190853834,0.8835110322728569,Bob
0.8095269667068248,0.34276802639585646,Sue
0.40017642251208185,0.14152247384851574,Sue
0.17706005004092407,0.028290825868153888,Mark
0.23162229108383278,0.23930957755531612,Mark
0.8623567914397066,0.06968730425368486,Sue
0.2604456997732346,-0.1282117145116333,Mark
0.7927981247706811,-0.5138109809862618,Bob
0.694482019230711,0.28903339891887625,Sue
-0.6290880634695476,0.523187781820222,Sue
0.3895175514667086,-0.5951088592087257,Kate
-0.25969176727164334,0.3076002323938225,Kate
-0.20846121225204228,-0.3902937821758089,Kate
0.8080263467649634,0.6142262046477146,Bob
0.9319728123837896,0.3720763598916193,Bob
0.36220134786065517,-0.5855655056239054,Kate
-0.19600383511065092,-0.8695335088276047,Sue
-0.23620178534209108,-0.10794663013965433,Bob
0.37119431721016355,-0.6369049636714532,Kate
-0.3762137448428536,0.843127357355431,Bob
-0.25599373227524264,0.6470536877481493,Kate
0.3119706203570315,0.6658113297887001,Kate
-0.46809724970538436,0.6242921932666259,Sue
-0.5637891667378954,-0.787499476466867,Bob
0.44098148964317546,0.698191098473414,Sue
-0.17437388067535256,-0.4311084152450627,Mark
0.7958057535481111,-0.5811563327661219,Bob
0.3477067875086862,-0.7051884883439714,Sue
-0.8386528542648191,-0.17351128002587196,Sue
0.9413824981851507,-0.20739335732329423,Bob
0.3779099202546092,-0.0003394653184794587,Kate
-0.2470123403116419,-0.05692415951579207,Kate
-0.6953662083273159,0.29998322030758345,Sue
0.24806085159442082,-0.2175314273408481,Kate
0.33657005258844097,0.3943937151178833,Kate
0.4124255662441813,0.8707131707121337,Bob
-0.9400892316359761,0.11616153058044304,Bob
-0.24648847303996757,-0.38185957592721015,Kate
0.801243299808195,-0.011740649650037783,Sue
0.352302964047511,-0.0025273431873116268,Kate
0.1123701565430167,-0.10083899180269729,Mark
0.08663994917873108,0.7788333165231464,Sue
0.373440570299181,-0.22241426369667017,Kate
0.47876156935988456,-0.3902622769577129,Mark
-0.02866783124621204,-0.479675803470792,Mark
0.768591376287333,-0.4261030922911152,Sue
-0.6765090069403723,-0.3908399888350778,Sue
-0.49435196018410243,-0.7621678209987887,Bob
0.7405529842501404,-0.11637428309256646,Kate
-0.40794558469197184,0.6935111103794065,Sue
-0.43135438783186614,0.7714406681782734,Sue
-0.24274575379054908,-0.5966835099905669,Kate
0.3653011528224461,0.1807273616116885,Sue
0.3249807750840629,-0.6327220428075896,Kate
0.8300586853155799,0.5937353828885787,Bob
-0.024672184971960397,0.0666410005717609,Mark
0.7026821527554376,0.16855715554334424,Sue
0.34466840565250245,0.5716742672760048,Kate
-0.4845915761788183,-0.8128389902215251,Bob
0.35806041283164336,-0.5747028934200602,Kate
-0.10347900144091869,0.9916482632099304,Mark
0.4682360539525332,-0.5588155063540526,Sue
-0.5354740420909486,0.7291245210943922,Bob
-0.8080754442463635,0.45791556746611967,Bob
-0.23788181014009943,-0.49195888110721797,Kate
0.809825935824324,0.2518029243240917,Sue
-0.7428806499041501,0.46141723569030724,Sue
-0.25737179745118194,0.6372278709829712,Kate
-0.32270649162335746,-0.5237658506122731,Kate
0.2723244374904363,-0.020303642745528403,Kate
0.9360155388878362,0.04060291994166322,Bob
-0.6720897974836445,0.5378767119625205,Sue
-0.22636229392962653,-0.9089097872507003,Bob
0.1526764122762929,-0.2706070971964955,Mark
0.8500591527012501,-0.356801771445157,Bob
0.805423942281266,0.30985431366395777,Sue
-0.27878503440164976,-0.2754691477377869,Kate
0.26952180595399705,0.027303806270069,Kate
-0.01788841807520703,-0.9743632519265755,Bob
0.2542388124241657,-0.27050593428899417,Kate
-0.21307929518185428,-0.35751121458270524,Mark
-0.1581017895701656,-0.9286860577314873,Bob
0.786281865877266,-0.014768313762369444,Bob
0.334127625564535,-0.006788373384521422,Kate
0.6204922800858602,-0.669410437035441,Bob
-0.04066344444123019,-0.12423207897410345,Mark
0.022026031722569336,0.9717064150143068,Bob
-0.10136599198722407,-0.3134148729460731,Mark
-0.33394592283641306,-0.36697446926383104,Kate
0.1963516189489947,0.5770328252614637,Mark
0.42288841341730843,-0.9008138839855083,Bob
-0.03322404641955509,0.379024206365264,Mark
0.010080477317050269,-0.11580867197816314,Mark
0.7432212987653806,0.13806698530759234,Sue
-0.3528112310265173,0.041570246193702566,Kate
-0.17893234127459537,-0.11450623683266876,Mark
-0.22919658146913058,-0.3514267568920366,Kate
-0.3244292877813026,0.5781184191497988,Kate
0.7892031819453501,-0.06247836609498435,Sue
0.7163485591024568,0.7317012663860099,Bob
0.11188301979243435,-0.5833013571982506,Mark
-0.27931186385797174,0.31780797083241674,Kate
0.8746421195858184,0.5101034857522048,Bob
0.7498499119256989,-0.10495737479017923,Mark
-0.8195619585686218,0.5491827897906931,Bob
-0.021588200025588904,-0.3756653876255757,Mark
-0.09751572723904162,-0.04823304799673751,Mark
0.21324005375392432,0.03556743598392556,Mark
-0.12997884068305496,-0.9126870131469863,Bob
-0.190329434415885,0.6359065676400361,Kate
-0.23880440683642687,0.6684530307626882,Kate
-0.05726499298974037,-0.10852164878398976,Mark
-0.41881796253275344,-0.837578792708017,Kate
0.3040181309890462,0.6222343995225138,Kate
0.21369103652230614,-0.5802461847036571,Kate
-0.2976119336592362,-0.34203669310404317,Kate
0.21193068421252012,-0.19331305293443393,Mark
0.19400730405497668,-0.5102901115526028,Mark
-0.7637496795686015,0.2456914765193562,Sue
0.12198945810477643,0.014429837593947961,Mark
-0.22496321858332852,-0.02680761776853146,Mark
-0.2744403003817649,0.37823136472514124,Mark
-0.7292786485518474,-0.43695246122458764,Sue
-0.08839338233665042,-0.05854250757987168,Mark
0.6851872958178922,0.7040676190423082,Bob
0.36517725233431686,0.395523760054891,Kate
-0.26067887300761333,-0.38468554944087496,Mark
0.3926155561215948,0.6009574329186783,Kate
-0.19723071145046517,-0.6199333887614713,Kate
0.11435578401270326,-0.37835625383977545,Mark
0.6879397862082205,-0.3922098822669433,Sue
-0.08863672993207214,0.5715100409382452,Mark
0.18065301736263933,0.10762193905928051,Mark
0.03667295996642957,0.9380917268546534,Kate
0.18828912212469304,0.3187818964108242,Mark
-0.05561942863123217,-0.052355596696595605,Mark
-0.6730791179905828,0.5385349339907478,Kate
0.9842539624823093,-0.1317021347585743,Bob
0.956815372675443,0.2112181939345404,Bob
-0.0005229198032492138,0.8190982857350075,Sue
0.14364164091190657,-0.2047259979399217,Mark
0.36424524023518523,0.2690679333547278,Kate
0.3630062035837114,0.5064393950688106,Mark
0.8567825540273775,-0.1881662640198994,Sue
-0.2557182592261776,0.18751337604570695,Mark
-0.15268400461432152,0.3268467143978177,Mark
-0.8654334422267,0.13758758987736652,Kate
0.26504770006251194,0.8847823266818698,Bob
0.032409837253202435,0.7632250363739078,Sue
0.6930961588404078,0.6834275926055647,Bob
-0.3573410598845938,-0.007766061918109163,Kate
-0.2120023945736558,-0.3480157115841545,Kate
-0.21263504796957372,0.11510939710065424,Mark
0.7253107226947589,0.6598879338245298,Bob
-0.2455785249823677,-0.5878885778858001,Kate
0.9643028322877757,0.17124762131865226,Bob
0.12255623413421741,0.8058406601729498,Sue
0.4163231854609054,-0.8304945133414297,Bob
-0.15464286584189224,0.1343628588984781,Mark
-0.7746237902181361,0.1603272112039434,Sue
-0.25453881811302603,0.6224449475583539,Kate
0.7076648353527201,0.3361517535598497,Sue
-0.4200331359056199,0.9128248364222895,Bob
0.3462630517844527,-0.04177171076265029,Kate
0.915304439944118,0.29020127630909254,Bob
0.3538505134436684,0.12853390204710163,Mark
0.02422711773414725,0.5392646985194236,Mark
0.45723626021259317,0.48065168456660334,Kate
0.12537466388026425,0.12062354755966546,Mark
0.09436990506321999,0.32269927764621853,Mark
0.024667390122953645,0.24586003082709365,Mark
0.9819758977039761,-0.1494932646613668,Bob
0.0010000325952387382,-0.815546294513451,Sue
0.4370677338703136,-0.8486612584761841,Bob
0.36696242543333935,0.6726419790912828,Kate
-0.2563034136612464,0.10538546743634442,Kate
-0.23134136704044286,-0.9078267614918966,Bob
-0.7974144776915739,0.3323633290717767,Sue
0.4367514080040003,-0.7899923682788128,Bob
-0.4108450158976017,0.7789379641164886,Sue
0.6243282992064246,0.7226179547456811,Bob
0.4353494198535082,0.7319997312078017,Sue
0.6220625523051493,-0.6700590034775208,Bob
-0.46286019795384736,0.30611528477116057,Kate
0.4160451040140079,0.016267255746786377,Kate
-0.6967857997986174,0.09929932920222735,Sue
0.4109587276826589,-0.025943321468996493,Kate
0.13244541814110047,-0.18575522900374122,Mark
0.19208884422860995,0.5176611017569381,Mark
0.20170808668325985,0.16660405010860677,Mark
0.3624004996956134,-0.5323752000786266,Kate
-0.2437594153848627,-0.5509747274714205,Kate
0.322176776989748,-0.5921725821147348,Kate
-0.7351765428587593,-0.2962309171619078,Sue
0.24938959015821346,0.12046921318103884,Mark
-0.883519633367254,0.35954646738443563,Bob
0.6727548572083957,0.6955959839081178,Bob
0.9485503033478643,0.0599115937874953,Bob
0.6418720256879112,-0.3168431591359211,Sue
0.8157090142441531,0.19258166223234802,Sue
-0.6294877764208626,0.42050159228721523,Sue
0.39864850358246423,0.6985205165755191,Sue
-0.008675697637117626,0.2693491272636682,Mark
0.3361508532839115,-0.35352180565070185,Kate
0.037551117441066185,0.3683370464562138,Mark
0.3517177427297509,0.6214425674790796,Kate
-0.8688179077249903,0.22111969060878195,Sue
-0.7001138027693654,0.24612324325816443,Sue
0.8615010190916026,-0.28064625535257226,Bob
0.131602209720031,0.4865983068498282,Mark
-0.15768092617769258,1.0013304939606749,Bob
-0.5750710034071637,-0.6684422774225179,Sue
0.24180689654635149,0.2779701397749941,Mark
0.3631890780015135,0.5925667666889005,Kate
-0.885921961304851,-0.25262546684211407,Bob
-0.8668966645772541,-0.03345871776189421,Sue
-0.1374727370883682,-0.4958277272700687,Mark
-0.27898609556300347,-0.04108642096027405,Kate
-0.29244747093270057,0.9279391258401515,Bob
-0.3203250453275908,-0.0837337576362261,Kate
-0.17925751913241403,-0.8066522751731207,Sue
0.9593525302655157,0.19153665121065575,Bob
0.8818394994741467,-0.12017831647803262,Sue
0.4207072534117132,-0.8884745152169397,Bob
0.6108268296487076,-0.5361410213956607,Sue
0.3941611505124159,0.3532225730198125,Kate
-0.11117641047379943,0.8850762940965475,Sue
0.11195156834736854,-0.7874565289692156,Bob
0.6984719014735208,-0.400737776954845,Sue
0.030583456491873953,-0.9228450462005985,Bob
-0.35059355040128837,0.009459863131588732,Kate
-0.5065440677742663,-0.833163786118927,Bob
-0.34119453259144,-0.41919450261946534,Kate
0.6707683632245363,-0.641376645572366,Bob
-0.7152835811734363,-0.1519388824646411,Sue
0.8469826799142331,-0.33672113196223263,Bob
0.03975918180020079,-0.850344036252679,Sue
0.36103536712024387,0.5259052522965129,Kate
-0.6835475928586964,0.30052339576304316,Sue
-0.355095645301143,-0.6019898071849994,Kate
-0.37387919544404213,0.6333590496763148,Mark
0.26473878093694764,-0.9486128474718436,Bob
0.40108493236103626,0.35801910995076275,Kate
0.7592690211585511,0.5400229037116087,Bob
0.3937550983800844,-0.5802527379381787,Kate
-0.29678584448640544,0.3370626068005248,Kate
0.3478106215763004,-0.20716148139096918,Kate
0.6821400982549208,0.6255302111678009,Bob
0.20346145436319107,-0.33939713890304235,Mark
-0.8205918036947717,-0.20405029543834974,Sue
0.05857455884273523,-0.18595373764247147,Mark
0.09395308541179427,-0.10561806882581988,Mark
0.4319392708714637,0.82231388687411,Bob
-0.22619446522364564,0.31368644474621765,Kate
0.7470122108879007,-0.34248722203506526,Sue
0.1753258670990947,-0.7837021436232745,Sue
0.4410015054364134,-0.6275160733859215,Sue
0.17476408554412162,-0.9020325758493534,Bob
0.24817684492445014,0.057407233379271255,Mark
-0.2361254982840661,0.024295605245178497,Mark
-0.3574250413139482,0.015919078618748795,Kate
-0.8764710066393537,0.09478456419531416,Sue
0.16876274023464863,0.8095639948097186,Sue
0.43106899312378405,-0.3238428890109222,Kate
0.25154695355609996,0.6742394471011273,Kate
-0.56408233846633,-0.6480316529914394,Sue
0.30592979688315414,-0.8754889650505056,Bob
0.26903773364409317,0.6190014134042251,Kate
0.121668650225314,0.3499112655451718,Mark
-0.7660551655038232,0.6207740677145961,Bob
0.7243075672364793,-0.10530345321787296,Sue
-0.23537788634133616,0.9763320786857926,Bob
-0.30516883757083474,-0.5009989553729202,Kate
0.5460961708051477,0.8187587409027537,Bob
-0.09563902213061964,-0.31236998950606176,Mark
0.624780684461713,0.5938646427940361,Sue
0.8099077483546571,-0.40198527108162213,Bob
0.9315188240904109,-0.1752872649300062,Bob
0.7003953646729572,-0.6338807174859561,Bob
-0.9059436258373064,0.3148932415670536,Bob
-0.684728503994017,0.34597521189703373,Sue
0.7963034875620975,-0.0030181172898424476,Sue
0.8499337316520549,-0.0033225762393989996,Sue
0.3845353053662679,-0.23994356093275446,Kate
0.6148534298548396,0.8504635511010029,Bob
0.259174405148759,0.7145366091581864,Sue
-0.7213805279415254,-0.28544317440817024,Sue
-0.0689626943982431,0.853199973879105,Mark
-0.7798740218890041,0.26410355216067716,Sue
-0.23948040386033942,-0.5278521237655875,Kate
0.16914243018297,0.9040646757114046,Bob
0.9078231032241103,-0.32215904558912867,Bob
0.4832180998749112,0.7327993102953841,Sue
-0.24441976269651947,0.3562440569196212,Kate
-0.2237789766201344,-0.4867453854036774,Mark
-0.23913422266627057,-0.3028526831939515,Mark
0.17850642267110806,-0.9274300824984663,Bob
-0.18192116846193046,0.7400008359123356,Sue
-0.44633890297068357,-0.8198308173471643,Bob
-0.047559739080677864,-0.8466327527564629,Sue
0.8354781505710035,0.14858970929216644,Sue
-0.008728589577716661,-0.10059242378444291,Mark
-0.22256370315647364,-0.0644867404841972,Mark
-0.7271805149993743,-0.07920318452829585,Kate
0.361551866725367,0.3193848258998147,Kate
0.2746736362078572,-0.5416408748353853,Kate
0.37322524266087387,0.7918823627025535,Sue
0.033700205229365524,-0.53293707645075,Mark
0.39663722285449404,0.7362867517250967,Sue
0.10808080984550429,0.05407541374275543,Mark
0.8404082681580476,-0.5327005436786039,Bob
-0.02572833113406194,0.808069704181196,Sue
-0.21916156225217842,-0.4802244556624677,Kate
0.6758054776132547,-0.25264836526873974,Kate
-0.06128049558460118,-0.02821650661937044,Mark
0.43468048318146785,-0.6536932379924045,Sue
0.7386155099375636,0.2657331920628374,Sue
-0.004904672577177728,-0.8649727049870741,Sue
0.5009261059177591,-0.6119375817801942,Sue
0.03259746230063032,0.9274706011932274,Bob
0.35039904270667616,0.6480354432486614,Sue
0.03400571203777508,0.7180237294761863,Sue
0.852305563006125,0.4491110610982331,Bob
0.35355773845231125,0.2646452156983765,Kate
0.9083822428009178,0.07518768482948435,Bob
0.20803115938941277,-0.3583966360024414,Mark
-0.31826057726652107,-0.7832815844365641,Sue
0.7195416086000799,0.5932137390874819,Bob
0.1857228859075296,0.38372951781418174,Mark
-0.35503314090427046,0.027948144494575097,Kate
0.307783678351259,-0.5718662664884332,Kate
0.32610077025400236,0.03643181735017019,Kate
0.33869606440931405,-0.6692900704857493,Sue
0.0018556530336666863,-0.1315217366252175,Mark
-0.5000548718723893,0.5218827891792494,Sue
-0.0769285824157072,-0.872622820864087,Sue
0.19413493329109957,0.7495163221358262,Sue
0.07021653304419798,0.5825226101874642,Mark
0.2777989622484376,0.3101534655163727,Kate
0.08659159381937247,-0.5493549582161842,Mark
-0.10336157439965218,0.9803539263384595,Bob
-0.4054833148933969,-0.6644873954373559,Sue
0.33152159254500974,0.616951051534412,Kate
-0.31608374672908857,0.31838349420411877,Kate
-0.2565932513101393,0.3130876638720893,Kate
-0.2530609389974946,0.8773646793350103,Bob
-0.6694239769598515,0.2055561819608111,Sue
0.24826676661996336,0.346198336114495,Kate
-0.24751166347858636,0.7941081888255395,Sue
0.3371169097534668,-0.5926483879983351,Kate
0.7776401739629972,-0.03341201733643493,Sue
0.2575588664483044,0.6046627700257091,Kate
0.7701830465294761,-0.48117158176905833,Bob
0.004404159488132962,-0.8406352067129877,Sue
0.2439591285682178,0.050920446771474254,Kate
0.0173189697227099,-0.8250915575221875,Sue
0.03272019494052242,1.0070768781052566,Bob
-0.12567586325156227,-0.41109712658892517,Mark
0.33536607188737483,-0.3617823762368584,Kate
0.9252371418348767,0.46749192885848817,Bob
0.6326057616382332,0.5113382675174932,Sue
0.151188666435163,0.48004295757707816,Mark
0.7345736493939812,-0.39017635428467456,Sue
0.10499737874012287,-0.9305075217177794,Bob
0.3705032122511895,-0.20800400529103424,Kate
-0.015485877081573483,-0.7069261974050524,Sue
0.015842621160172203,0.5027415626743406,Mark
-0.4960428036024277,-0.776263866808229,Bob
-0.3210261966057421,0.5983057387645841,Kate
0.11722700320004102,-0.9094362513025027,Bob
0.40184641831484713,0.6305204706616314,Kate
0.6917376472544804,-0.41403441779892575,Sue
-0.7990892943083823,0.3511720004447231,Sue
-0.4642218133722293,0.8779172170546501,Bob
0.8102668967743525,0.6059387455870244,Bob
-0.10629048119358231,0.1917307832284616,Mark
0.10317689411293478,0.08011712283793108,Mark
-0.9581555236540107,-0.15122794305703827,Bob
0.32371515893231523,0.39662137451153356,Kate
-0.8308404432947669,-0.23167855165009119,Sue
-0.6279936356316945,0.09011550089788728,Bob
-0.5562714629302409,0.7314800436926261,Bob
-0.7606796532158433,-0.5400133565830628,Bob
0.00980282191859378,-0.9108214920820019,Bob
0.9152409802664482,-0.40833357157354266,Bob
-0.39164567657966276,0.1785957936111753,Mark
0.41213184619196563,0.026918958047386386,Kate
0.30029975542143894,0.3525941856041086,Kate
-0.7751956922886271,0.06465452171478517,Sue
-0.18063566227332425,0.08813049028238827,Mark
0.08065690770432245,0.572349050295996,Mark
0.2970279858225833,0.26877032228787134,Kate
0.6879150534916387,-0.2468936236057071,Sue
-0.293962627138033,0.31095969020135444,Kate
-0.470922744266153,-0.7080929155171897,Sue
-0.19180116143453405,-0.8664050527004354,Sue
-0.6467609290560676,0.35400092237111547,Sue
-0.30215045640905014,0.6580041460016899,Kate
-0.12743035278258072,0.48690113984970507,Mark
0.08726333879313644,-0.2524307793229422,Mark
-0.06057055530391782,0.8777937304249067,Sue
-0.5695870817347571,0.4893694922617696,Sue
0.24303846425173903,-0.29410877922260426,Kate
-0.06974628916550614,0.36455446869769637,Kate
0.42686496603398644,0.04244074614916452,Kate
-0.19220112159479588,-0.3301217107278318,Kate
-0.039635737984313205,0.4074670706943287,Mark
0.3398537264274762,0.6044830873602574,Kate
-0.5955473723196129,0.006528679201676144,Kate
-0.3388979716720821,0.6205585922221297,Kate
-0.7125866154241701,0.27178145178813357,Kate
0.40421266609834133,-0.5796173544675319,Kate
-0.8726861172863581,0.305103586686357,Kate
0.12342009096379473,0.9871882591861202,Bob
-0.7762060940267436,0.32599928902273145,Sue
0.08179851384141826,0.41263846855618025,Mark
0.4874687113737906,0.4570025463602951,Kate
0.7664267885082868,-0.6158026244907058,Bob
-0.17525812549365918,-0.7850431214634065,Sue
-0.25472045376194175,0.5576174901372403,Mark
0.1382639061577527,-0.5947582477048153,Mark
0.10891883826670462,-0.4045532880211781,Mark
-0.2617985732005752,0.32402171555378645,Kate
0.7299028923550881,-0.6330594875654041,Bob
0.37502246546363416,-0.804319067105573,Sue
0.7296253892629216,-0.7026857995760634,Bob
0.9501990403833636,0.08116530882878586,Bob
-0.7970829751063699,-0.5103108087590967,Bob
0.6849721526764829,0.4416806034727646,Sue
0.01356681846660716,0.026492678822054333,Mark
0.5155055320306772,-0.708228952613212,Sue
-0.17455241852252257,-0.8864310345975323,Bob
-0.6416400249203981,-0.6411209292820257,Bob
0.20633784668202348,-0.3723815907152048,Mark
-0.8318351567352349,-0.4619348174932481,Bob
0.06822557587006656,0.19934743218876427,Mark
0.33690920246264916,-0.5528507481733623,Kate
0.2578957164384777,0.7778699872041068,Sue
0.9312813472207782,0.1684469301358546,Bob
0.25619625647063954,0.20617270585626402,Mark
-0.21162614790198764,-0.026605563985934777,Mark
0.820756507569659,-0.18566834113797184,Sue
0.19807145813966193,-0.792536258132128,Sue
-0.27091795892938697,-0.3851856936466579,Kate
-0.7605736406024789,0.641268516307861,Bob
0.29015537161796734,0.8890745739774788,Bob
-0.7947912374115529,0.25364882407150413,Sue
0.08539996077932932,1.015359432578828,Bob
-0.32110836776124135,-0.9139582998792819,Bob
-0.23686553975320102,-0.40425777975492283,Kate
0.4242382562508613,0.6134268972086279,Kate
-0.19720251878582207,-0.05303437807809652,Kate
0.47986055658461196,0.5876870771862709,Sue
-0.25447870757647384,0.34621733990945464,Kate
0.0954032251856596,0.19888822722457,Mark
0.08422292284272004,-0.3426292791976406,Mark
0.7189411575795477,0.5209094490032835,Sue
0.5458979953086545,0.5875830622840463,Sue
-0.183399230047853,-0.45616337637494975,Kate
0.3346639913996108,-0.9335455302114523,Bob
0.43560425052374935,-0.8438238881252964,Bob
0.3558061095022874,0.8186010156194231,Sue
0.9082521777231197,0.3704680629243592,Kate
0.8821083513362812,0.02356617629514083,Sue
0.8269749169861231,-0.15294846204535326,Sue
0.8460565114279208,-0.2636641104924598,Sue
0.2902188775123179,0.618465374335676,Kate
-0.21762770684118546,0.5802860755318219,Kate
-0.8859635891208707,0.006414406346287305,Sue
0.30873134865558477,0.614450920570796,Kate
-0.4876431877073103,0.779491788747067,Bob
-0.1395387927390459,0.9610888391242108,Bob
0.22212809626328778,-0.8860649701060166,Bob
-0.01937438296716767,-0.8279571454450524,Sue
-0.04529730481837802,0.30969106250484646,Mark
0.7655252188947645,0.6343129230808839,Bob
0.5939691234855388,0.6768123100599033,Bob
-0.48691355038255124,-0.764273416712873,Bob
0.34922412387076923,-0.3403768197804993,Kate
-0.2009860531083206,0.594233706136612,Kate
0.16578287512745501,-0.4600888494067975,Mark
-0.26502402808660724,-0.03857723365541062,Kate
0.9520106768339971,0.06053004353552434,Bob
-0.24989211385300986,-0.626278122522878,Kate
-0.43280035735333167,0.5615479318306843,Sue
-0.9018191477126981,0.3113012568645957,Bob
0.17924002766150215,-0.41510662653616814,Mark
0.032093718897161325,-0.979582014825774,Bob
0.6868627116346433,-0.2923797395980784,Sue
-0.365824998635948,0.23302009952096048,Kate
-0.12926484738286415,0.2185501019842801,Mark
0.881414147369301,0.205447547206427,Bob
0.7912042498464892,-0.5925620874927743,Bob
-0.8729630976973671,0.15363099141733552,Kate
-0.034177485075121444,-0.2501640903083518,Bob
0.8580036590510527,0.568585081559492,Bob
0.29205685853514624,0.2664673532562942,Kate
0.8799879958992972,0.41870512653332514,Bob
0.18571879812375872,0.33505299655029464,Mark
0.2154638580502852,-0.24902500210357856,Mark
0.2896086937018747,0.33343736287223813,Kate
0.3218111863613813,-0.6544031666855358,Sue
0.38045522468323356,-0.3349504016564162,Kate
-0.31523982410640805,0.36704476599870556,Kate
-0.18071765349959085,0.918506741487469,Bob
0.41660044644679367,0.03599860256856069,Sue
0.26913019586113274,-0.34562999197441957,Kate
0.5803348551090932,-0.7434893676434873,Bob
0.6233317374195869,0.6713528280850762,Bob
-0.31808720864801,-0.031055492946997176,Kate
-0.7820982127467715,0.10627299320954381,Sue
0.016331407659707274,0.43218893838640116,Mark
0.3733886697635395,0.5269466669868599,Kate
-0.4913413721958663,0.6064758047089858,Sue
-0.07792211812691668,0.5764519084898275,Kate
0.5713650969336675,0.7277775970972005,Bob
-0.056521681650373884,0.07614538411350519,Mark
0.3479875188228413,-0.5920428790665044,Kate
0.8997942714627447,0.3798652003600509,Bob
0.7870860619453394,-0.3777898028781607,Sue
-0.23683279123713036,0.016477037697897132,Kate
0.0613494234757643,0.03477483320979653,Sue
-0.3121503121820562,-0.06399868426806485,Kate
0.856821326532553,-0.305781855241662,Bob
0.3107433006264346,0.6015119009898832,Kate
-0.7316884548691376,0.43672414044371966,Sue
0.02613457556662764,0.009440802210202187,Mark
-0.08255905192031442,0.28860261477486215,Mark
-0.12149096463806872,0.9984733822049645,Bob
0.07550004926823393,-0.4305863932146393,Mark
-0.20371821744127327,-0.5246416684033124,Mark
0.23684921907960746,0.4709606763007841,Mark
0.26657708794885854,-0.7426160861558122,Sue
-0.4693161873775842,-0.4269716064094792,Bob
-0.2161157705491013,0.3098100740316587,Mark
0.5802053806451132,0.1759399239765484,Sue
0.3079838137752675,0.012190774432394594,Kate
-0.1976578845858099,-0.4394562323217036,Mark
0.021353007840514332,0.8331418818843322,Kate
-0.8156224375405764,0.5680959467038619,Bob
-0.5800033335628327,0.4743084949938661,Sue
0.5098422407576874,0.5206788680794558,Sue
0.3440685070229273,0.6591491324022793,Kate
-0.20922711383361955,-0.3316037154689886,Mark
-0.015321057101311812,0.3886144200913524,Mark
-0.15970356498607258,0.32263335295923423,Mark
-0.2151978872277186,-0.8386571582950619,Sue
0.3331247896220838,-0.5968969415707238,Kate
0.22513443314497636,0.4841926116364217,Mark
-0.21367021468736508,0.6244228750374313,Kate
-0.21250616274884146,-0.346479756182397,Kate
-0.2561064595649891,-0.47367359609539406,Kate
-0.2800351605178958,-0.4302478708181495,Kate
-0.2575491987872656,-0.029180577284197637,Kate
0.6141926082798919,0.42085001682087714,Sue
0.6826838134940436,-0.6917817327464761,Bob
-0.11686008285959978,0.9389221106233504,Bob
0.23800782982658922,0.4986822624107751,Mark
-0.34090408760503926,0.6536956230442763,Kate
0.11733074174315113,0.26359340639728024,Mark
0.06265037048472698,-0.7990375713485796,Sue
0.10385933255451882,0.10633736279004868,Mark
-0.3327958446248636,0.3905865472582905,Kate
0.5510227873489683,-0.5623520870562222,Sue
0.12110135414823921,0.5636181517873745,Mark
-0.3336205710317481,-0.6631488644262484,Sue
0.3357240330381671,-0.6732189506925238,Sue
0.03511389633309536,0.529490444056822,Mark
-0.2716145795762876,0.35754834182735273,Kate
0.2695582121836007,-0.6165786393339218,Kate
0.24308544780301344,-0.4203125622996374,Mark
0.9707806328656201,-0.17444880777599198,Bob
-0.31425941060227325,-0.6135299542378287,Kate
0.0056699886812905075,-0.369362109558483,Mark
-0.182776736932235,0.01316618378311846,Mark
-0.3082492142779653,-0.8143945669886109,Sue
0.2188309989607227,0.8739462559171953,Bob
-0.8547556585696671,-0.034261835611083855,Sue
-0.2111923092887342,-0.011022636899117678,Mark
0.28244246341395546,-0.2927003444049845,Kate
-0.18147444668822635,-0.7869954603373497,Sue
-0.9236435263739117,0.31055366469601503,Bob
0.38449306833155256,0.6215774461394947,Sue
-0.8576518186942222,0.10599362631485798,Sue
-0.5041982576621232,0.702090756662398,Sue
0.24184044318583187,0.7906858771916738,Sue
0.9798870805098538,0.1962244733448656,Bob
0.37179068946642957,0.22940306574203362,Kate
0.0985606294318883,0.9107808088917928,Bob
-0.00224061229552356,0.9909860283501623,Bob
0.41961905866207605,-0.8832771453588881,Mark
-0.3151280627139252,-0.5166044969417007,Kate
0.25530837294525904,0.7231470930531412,Sue
-0.30274516324908135,0.6275848878674795,Kate
-0.6535862668540017,-0.6337733350690075,Bob
0.1255078677167571,0.1996666383779667,Mark
-0.22077641006625906,-0.8295779158575811,Sue
0.15953047169733242,-0.7221315522534497,Sue
0.08949817615592548,0.5016009206854315,Mark
0.38832802262354676,0.42014593458918054,Kate
0.2644825065949334,0.14586797234972632,Mark
-0.08799990651054737,0.8537502328088634,Sue
-0.15361493649266816,0.3968848872280923,Mark
-0.1634658084989833,0.15944781209297074,Mark
-0.6689719269582801,0.68350199831313,Bob
-0.3238094654786849,-0.5842330155273248,Kate
0.2155240680917828,-0.4124696568279685,Mark
0.7824271986174985,0.38542051506956027,Sue
-0.8170382175859847,-0.1667035441961508,Sue
-0.2535480337200134,0.10266611038697034,Mark
-0.35898435262635936,-0.38122487066784067,Kate
-0.2599865829648399,-0.4081295988049296,Kate
0.8642078820190835,-0.22547750057075094,Kate
0.25670466862158287,0.8695878175716051,Bob
-0.21308598857901223,0.3018869613644828,Kate
0.8190889969452322,-0.16118118512654628,Sue
0.5130094827547788,-0.6341944473805169,Sue
-0.919436663455836,0.18291643569585195,Bob
-0.3399827180582654,-0.4129879362581777,Kate
-0.6913095104095768,0.6020114141832583,Bob
0.10475526443891534,-0.6105929449973331,Mark
-0.36605323755828956,-0.8347489330499619,Bob
0.5669586098010723,-0.7367608419185951,Bob
0.6959346290458686,-0.4946810899998816,Sue
0.46656520549302255,0.5450778146416194,Bob
-0.8253011824657268,0.2550833406546128,Sue
-0.21850393851067818,0.07844815379570683,Kate
-0.42391535315519974,0.8620062539011418,Bob
-0.8052415851288782,0.35760851739456195,Sue
0.8027197557529692,0.22794404396361934,Sue
0.8239961459436802,-0.3229359342283608,Sue
-0.22692977206963394,-0.33128375561553414,Mark
-0.2624168558366238,-0.24914991104876896,Mark
-0.19485614840339993,-0.5613781990189219,Mark
0.701788320093894,0.6455567058643941,Bob
0.2957180776201662,-0.6721953339235722,Sue
0.21050510177482964,-0.741259307508836,Sue
0.37851339032120696,-0.8638052920843328,Bob
0.30951519692258006,0.9008918201798298,Bob
-0.11155868825753805,-0.8783894261584158,Sue
0.7281852504121106,0.007388436366474562,Sue
0.4847263874451861,-0.7686232144390803,Bob
-0.5919373789322144,0.7844852351609602,Bob
0.5771636876725246,-0.7336181396042463,Bob
-0.7336373904073052,0.19509231696963836,Sue
-0.3259012075708858,-0.7878111447270842,Sue
-0.6089884174173607,-0.601171366066005,Sue
-0.3630178722881396,0.03666697632331985,Kate
-0.26393563001320136,0.7112722374007084,Sue
0.23479053474048703,-0.9423452575132657,Bob
-0.28846368796676564,0.8910853554511596,Bob
-0.5477091350777382,0.5742783438593626,Sue
-0.9105732757717775,0.2423017559601366,Bob
0.12290614078402132,-0.17450194894010362,Mark
-0.4098577608256934,-0.7466017029545395,Sue
0.8838458898475371,0.3533413871412571,Bob
0.1749838189967839,-0.45251341931322275,Mark
-0.43419592346093816,0.12262316063567047,Sue
-0.2083706764601998,0.4040725570939764,Mark
0.3998692977277966,-0.8468340119034119,Bob
-0.20846806154303407,0.5825112656197379,Kate
0.7458733701820318,-0.019096334976208724,Sue
-0.22113572068145135,0.6564377875060134,Kate
0.4749281281609484,0.0493223707241426,Kate
-0.1911774499699818,0.659066082767035,Kate
0.18085736147170212,-0.2509940392515213,Mark
0.38793318261454773,0.6601399385777782,Kate
-0.09137052729871363,-0.6947815773227743,Sue
0.27818848140656566,0.31689474374202703,Kate
0.2427458549932663,0.05462129762083067,Kate
0.3064452430356643,0.6167014300715169,Kate
-0.6687811015097207,-0.22065358180426578,Sue
-0.005396605803822056,0.08093349325875838,Mark
0.027991341276961842,-0.07522319688992639,Mark
-0.46560725255563723,-0.7231233580568064,Sue
-0.2528100190604253,-0.40162535937444344,Kate
-0.1647043414683423,0.39616376405297804,Mark
0.23245782533539158,0.029737434060405424,Kate
-0.7045491925181229,-0.605685365248732,Bob
0.10518745018985881,-0.5469409506292009,Mark
0.827359087907524,0.45832724655998974,Bob
0.06570082234285635,0.5355149130899788,Mark
0.10801142586427877,-0.13513344463145283,Mark
-0.6559441233667785,-0.6441517429036011,Bob
-0.7054610946429345,0.1614375257928758,Sue
-0.9592501512215535,0.17553025106132525,Bob
-0.31192953769169557,-0.39854426345303773,Kate
0.7732317472937438,0.06732798984572191,Sue
0.39714137924687476,0.8474212284256191,Bob
0.16114170614747136,-0.8358163996572275,Sue
-0.6576159583557265,-0.4673440037228741,Sue
-0.23723935425614173,0.5834753796144426,Mark
-0.7680784704786267,0.36746458402229476,Sue
-0.1591269541584175,0.8872344327469519,Bob
0.09804732603486468,-0.8175463435446616,Sue
0.2656080676996598,0.9479213311398489,Bob
0.4803816309786483,0.6483740179405136,Sue
0.07055904354059865,1.0106312594483138,Bob
-0.14575321761362015,-0.7878946177168898,Sue
0.41663915541514457,0.7628444981572844,Sue
0.3276180734259635,0.9557211511733092,Bob
0.9188784960609889,-0.4192276408573361,Bob
-0.248771909419708,0.9572641343565839,Bob
0.8402073787291076,-0.40751824045531976,Bob
0.3532467582984134,0.8068962826096439,Sue
0.10406284714918011,0.5934508759101625,Mark
0.528670417952551,-0.8007913965094324,Bob
-0.783178960931503,0.28446256509909773,Sue
-0.23039471705442052,0.02655463217815375,Mark
-0.33995014008296337,-0.6055642746057252,Kate
0.18614174365267466,-0.9280755666677014,Bob
0.26827401725864414,-0.21457516798108556,Kate
0.42678582058193515,-0.824345423425602,Bob
-0.7718796372440508,-0.027146395744169924,Sue
0.8948131108096684,0.3266345312693254,Bob
-0.3250611243080016,-0.3503372681529664,Kate
-0.3368118580643321,0.6089285646407347,Kate
-0.25100697678048794,0.3645481010973343,Kate
-0.568186103190514,-0.4765944526412998,Sue
-0.71573664223364,0.4710008890900425,Sue
-0.31597443120066765,0.9477944640177933,Bob
-0.763067098991868,-0.5185815892440636,Bob
0.015595166767228375,-0.8363782340240312,Sue
